name,age,city
Eric Copeland,34,East Toddbury
Melinda Brown,74,Dawntown
Brian Hensley,39,Katieport
Patricia Walton,75,South William
Bob King,60,South Melanie
Thomas Thomas,49,South Richardborough
Lori Simpson,30,North Isaiahtown
Jennifer Macdonald,69,Maryfurt
Gregory Lopez,48,Thomasbury
Kelly Pineda,77,Gardnerport
Joseph Mcgee,77,New Johnburgh
Rebecca Caldwell,70,Smithview
David Medina,59,East Marcus
Victor Newton,54,Ellisbury
Kristin Allison,59,Lake Jennifer
Joseph Hoffman,68,South Betty
Tyler Drake,78,Williamston
Ann Phillips,25,South Wayne
Lisa Vasquez,62,East Tony
Brianna Kelly,80,West Christinaland
Devin Wheeler,54,Willismouth
Diane Wilson,54,Harveyshire
Margaret Horne,63,Cruzmouth
Kenneth Wilson,24,Dianamouth
Victoria Kent,37,New Vincent
Michael Flores,26,Tonyafurt
Ashley Randall,45,West Erika
Thomas Reyes,31,Lake William
Michelle Kennedy,50,Lewisburgh
Dylan Brown,19,Kleinborough
Craig Chapman,48,Cathychester
David Smith,34,Karinaview
James Jones,63,Lake Jenniferfurt
Timothy Cohen,36,Lake James
Lisa Bell,23,Karenview
Timothy Morales,24,Elizabethbury
Mark Hernandez,70,Christianburgh
Chloe Mejia,24,Elizabethview
Regina Cox,66,Scottshire
Jill Shaw,64,Smithchester
Lisa Henderson,18,Torresshire
Charles Ferguson,56,Victoriahaven
Kimberly Melton,28,West Pamela
Janet Terry,74,Medinamouth
David Hill,62,Gordonton
Dwayne Martinez,38,Fitzpatrickton
Robert May,51,Williamsberg
David Poole,43,East Travisberg
Amanda Aguirre,67,Lindseystad
Christopher Jacobs,20,Teresaside
Meredith Johnson,33,Wattsberg
Brian Ward,33,Ayalahaven
Carmen Rivera,26,Bowenchester
Andrea Eaton,63,Spencertown
Patty Hahn MD,30,West Ericville
Nicholas Elliott,76,West Courtney
David Winters,79,Dawnmouth
Andrew Berger,73,Lauratown
Randy Hill,49,East Georgeview
Kenneth Pennington,38,Andrewborough
Nicholas Douglas,68,Harrisfurt
Kevin Walter,78,North Ambertown
Chase Miles,27,Port Nicholasburgh
Bonnie Lee,39,East Adrianchester
Anthony Fisher,25,Frederickstad
Christine Davis,26,Jensenside
Dr. Ashley Carpenter MD,34,Lake Ruthside
James Rodriguez,69,East Kenneth
Melissa Gates,45,South Raymond
Chris Li,72,South Shawnfurt
Daniel Rowe,68,South Jessica
Christopher Willis DDS,61,Jefffort
Virginia Middleton,67,Kimberlymouth
Nicole Kelly,54,North Richardton
Joanne Martinez,47,Samanthaburgh
Cody Liu,35,Tammymouth
Christopher Dixon,64,Michaelland
Susan Montgomery,66,Port Stacy
Frederick Baker,45,South Michael
Kimberly Middleton,60,New Darius
Barbara Davidson,33,North Tiffanyborough
Erica Mcmahon,53,Powerschester
Philip Todd,79,Lake Billyland
Charles Bell,61,West Coreyhaven
Christine Jackson,61,Forbesland
Elizabeth Lindsey,57,Christopherville
Melissa Roy,44,New Kristenview
Gabrielle Hayes,26,Williamland
Joseph Wilson,55,Lake Gwendolynbury
Molly Nelson,65,South Cynthiaside
Jeffrey Riggs,75,West Brenda
Kristen Malone,78,South Nicholas
Elijah Wagner,24,East Melissa
Scott Snyder,49,Thomasville
Anita Goodman,60,East Michael
Michael Aguilar,31,Kaylamouth
Dana Gordon,72,Bryanchester
Joan Diaz,79,Lake Ryanchester
Nicole Schroeder,56,Derekhaven
Joe Perez,20,Andrewfurt
